{"UiDutwg+yNeyGQxDfyDw+A==":"blueheartlogo-handsonly-122x125.png","00x22vz7h0KvChHfVtXKwQ==":"02-1920x1080.jpg","j8sex4H2jXQ1mBwwLuarHA==":"05-1920x1080.jpg","FjSNqv6bNsp/kRyF7tN8Vw==":"b2-1680x800.jpg","2u5eKBlKNaUK1+Kkpx3NAA==":"blueheartlogo-773x415.png","4wz8rI6JykTIGo4BM25hsg==":"blueheartlogo-436x234.png","EqPNOywtEaC/eREirBAKsQ==":"radeem2-480x280.png","+gK1S6hOqHSPedlcL2HwHg==":"jean-luc-195x195.png","TCGWiNcrwqKwW1vXxWT0KA==":"yuly-228x225.png","BuCUwr3rEhEAW1MQBEmczA==":"mbr-463x671.jpg","laP33Nce4xy1C9kiSVgQSg==":"mbr-510x347.jpg","IblX5H6RBeZdYih8vMiqsg==":"mbr-510x281.jpg","PrDOvfE6siCEg9RhBSUBtw==":"mbr-510x340.jpg","+Uzy12NjCvp/Vpklckrpzg==":"mbr-510x440.jpg","Qt0steaZRyFzfuSr6K1PmQ==":"mbr-1-492x294.jpg","GfMRJaBEHB2/4jQYiDF+Iw==":"mbr-492x328.jpg","YxOZA4MSxFOpUFtC/9jwFw==":"mbr-1-492x357.jpg","nh6AgfWt2GHlcOrZloF9Bw==":"peter-242x237.png","4h3+jt6J2CnaxLTwML7flQ==":"bosire-236x231.png","rF5t3jQipTgcN16I/IDcCw==":"gal-bh-1-570x550.png","Lol3Cds7kII2v06azVlGoQ==":"gal-bh-2-400x400.png","jjjLepV6pS1/7iXo5DNbWg==":"gal-bh-3-400x400.png","6wHPDz0sYXoeCZfOa8UXwQ==":"gal-bh-4-400x400.png","D8AceNjmRgZRGfjh9EFRqw==":"gal-bh-5-400x400.png","vSvS0N0wtuMC7EbM0OYxew==":"gal-bh-6-570x550.png","DJgE1tG9RAbZ6IirXSNXuA==":"gal-bh-7-570x350.png","R20uTvft/U4sdBRkfZC6dQ==":"blueheartlogo-white-192x103.png","aReMuoHFVKCuMluzud8X0Q==":"img-20190311-wa0026-1110x1280.jpg","uzu5pJ8+o/OyXXCLzRI5/Q==":"img-20190311-wa0026-1-1110x1280.jpg","aifMxQtboeCnOmVbv9UnRQ==":"img-20190311-wa0026-1014x1169.jpg","R24hW+5KkXRFF7RqK9W+XQ==":"img-20190311-wa0025-1014x1169.jpg","nLNTqeE5ifz2q13iqSm5NA==":"img-20190311-wa0032-702x1004.jpg","TtIz2mxzbwwKsMh/cvS7YQ==":"05-1-1920x1080.jpg","9lYCSEF3aAOY26795xP/Sg==":"img-20190311-wa0026-2-1110x1280.jpg","gR3FRq+7rJencl1dA9u1Ww==":"img-20190311-wa0029-1014x1169.jpg","R36IXMusQqOqfGMJvkljVQ==":"img-20190311-wa0028-1014x1169.jpg","L7c4c9uaXGT8tODVyVrP/A==":"02-1-1920x1080.jpg","059q8yEKJOwVew0zN0i2ZA==":"img-20190311-wa0026-676x780.jpg","f9OoJKcykbmorveIn9wJzQ==":"img-20190311-wa0029-676x780.jpg","OHU95W8wKN2aUegJo9e3/Q==":"img-20190311-wa0028-676x780.jpg","MAfm5IzvaeE+zUA+GsYdyg==":"img-20190311-wa0026-700x807.jpg","gG7/VecHhd1ET7YE4IPA+g==":"img-20190311-wa0029-700x807.jpg","G0lHJ7PqpQdSFXXLkZQUSA==":"img-20190311-wa0028-700x807.jpg","Lqisq7oCSVeK6m9LXJnhQw==":"img-20190311-wa0025-510x588.jpg","RTneDMWKc6w9M4PFLZ3FDQ==":"img-20190311-wa0026-1-700x807.jpg","L3DQaD1O/4DFy7TCjnOt6Q==":"img-20190311-wa0026-2-700x807.jpg","UhmvviGNpssizZhad1WMBw==":"img-20190311-wa0029-1-700x807.jpg","P4IGRz6OPM0jKYCEBYjMDQ==":"img-20190311-wa0028-1-700x807.jpg","g9iqP/w87TcgExRakS4/RQ==":"img-20190311-wa0025-1-510x588.jpg","Zh+vH4H0eCLX8x98cksHWg==":"img-20190311-wa0027-677x1280.jpg","q48uu6oD8uaiEE4WVKv/cQ==":"img-20190311-wa0029-1-676x780.jpg","pXzD3H3+UucCagxd8iQw6Q==":"img-20190311-wa0028-1-676x780.jpg","sIuo/OhMe6dAKwh3+hAlxw==":"img-20190311-wa0025-676x780.jpg","R684KfE5qwHzZuPdH78O+Q==":"blueheartlogo-white-1-192x103.png","80iimaRrzw/6aRMoqsPQ5A==":"mbr-1-510x440.jpg","YA4UQdufE0IUFg+8+jySaw==":"mbr2-510x440.jpg","/XZVTPztdgMHqSFO4Di+cw==":"mbr-1-492x328.jpg","ANQoQHkU0s8B5qNCimq+Bw==":"mbr3-492x328.jpg","/Ms+GF2y1S6D7vKAY5bbvQ==":"mbr2-492x328.jpg","DObDWs5S3CAegUkAqc2pWA==":"mbr4-492x328.jpg","d06nttkK2Xw8fVj/Fqsb5g==":"prison-162885-1920-1920x1440.jpg","nQ3rEK5wmHMC6LSMOGY9lA==":"blueheartlogo-white-240x129.png","CaA2Bso41VlxoUpwFD4frQ==":"blueheartlogo-1-773x415.png","sW3gAHh0G2IEaWe/Y3djhA==":"blueheartlogo-white-773x415.png","UAc7kepzJPkrSn4uqTRvmw==":"background4.jpg","v01vklUDKkcNS9P0lVJK9Q==":"mbr3-492x424.jpg","ZWHdCFg+y7Fj5jyGeN5JOg==":"mbr-492x424.jpg","v82JQz2OrH4jUXAqVizyPA==":"mbr2-492x424.jpg","Tw/LTydGhRgQs5qw7H8QdQ==":"mbr4-492x424.jpg","5kzEFxtLSgrzvzqqjV5lcQ==":"mbr4-240x160.jpg","0EUgtZ8NGQfyZ3qz+py7tA==":"mbr4-1-492x328.jpg","q6/vKrTJ4CrTqUlrIGlsDQ==":"mbr-2-492x328.jpg","rip2kQ9MPe8tJeMUpluHdw==":"mbr2-1-510x440.jpg","JttvkIJVbajvQ9qv/akzZw==":"mbr2-1-492x328.jpg","lly8WKJOJ6Gq+NXBHNhwhw==":"mbr3-510x440.jpg","494zUMj9fvQgLtl5L91w9Q==":"mbr-2-510x440.jpg","QOJHZSO16uYZQhfUA2jRwg==":"nyundo-1920x1280.jpg","JPvTZEtstUq75OUvq9zO+g==":"witness-1920x1280.jpg","CB+QaoaN1wAIM0YQ8+fwtg==":"witness-1-1920x1280.jpg","M+rkefaizZnxhNK2HZi9Hg==":"nyundo-1-1920x1280.jpg","j4jqkD6g4KIStlG5H6Dc9w==":"hammer-1920x1280.jpg","TgPzpQj8Dx8+ogu0Iu2GGw==":"mbr-1-510x281.jpg","qEsZ0X25Ef6HotXJ9gkS1A==":"mbr-1920x1279.jpg","ulqRruOYLQJFBz9UgblLcg==":"mbr-2-492x357.jpg","cTTznQd48x6hmestSHIHOg==":"background2-1920x1280.jpg","JRPDO+w3OEVIxwDixaATBA==":"mbr-1-510x347.jpg","CKsG84cPOudWO7sLT0Tc6w==":"child-abduction-190x130.png","8S76GXIp86tLDJNgM3zSRg==":"locked-house-190x130.png","bcWUHPpqIWLjzUgeEZUHBQ==":"child-abduction2-202x145.png","brQn29KGGso/9xuoVO1vEQ==":"prostitution-190x130.png","cbMlCte6Q4GemZtASSflNw==":"selling-baby-190x130.png","Uwyc8IYDa031t7CuD8UaNQ==":"forcedlabour-190x130.png","p87XOMXx9MAXliuH6sztVQ==":"forcedmarriage-190x130.png","3aZueIhd97YRVMisg41Y1Q==":"organtheft-190x130.png","N6ZQVfNV5JFa2yxuc2b7lg==":"forcedbegging-190x130.png","mccEVN5ICEfnauvb1hXS8A==":"traveldoc-190x130.png","zCKdHjFAMDrfA9WbuEGVoQ==":"trafficking-190x130.png","w9rBC3Z/BvzvnoCN+M+dgw==":"drugtrafficking-190x130.png","htmcdwmehQf224Yhx7pvyg==":"trafficking-1-190x130.png","I7oavnPeQTbjH2bqQQbaEw==":"child-abduction-239x300.png","Rz96GbMlGz1qaLcfHUosow==":"child-abduction-1-239x300.png","nRkRiyGYuZR93+wxdsVcyQ==":"locked-house-239x300.png","5PCQYzobOcvDKEbzUnZR1g==":"locked-house-1-239x300.png","mBy9g3SGB+8IjqXI4qYjxQ==":"child-abduction-2-239x300.png","tDIcOoDEmeD8XbSreDQZFw==":"child-abduction-3-239x300.png","56T/fR16Tbdh6cv4QV86rw==":"prostitution-239x300.png","0KSDsfdHgqxonzQE/pP0wQ==":"selling-baby-239x300.png","zwRSdJ5mE8EBDYrBDZ79rg==":"forcedlabour-239x300.png","watgcnNFfqaCYcKYhAqIHA==":"forcedmarriage-239x300.png","2SV5+Y2AjGROfG92Jxe6kQ==":"organtheft-239x300.png","2DB5PXakBpswvnNbPGInvw==":"forcedbegging-239x300.png","6hUxvfZHHjxyrkuGkwitPQ==":"s_bh-1-400x500.png","zUqPsWe+iMfC9bDahLsJWw==":"s_bh-2-400x500.png","W2+4aMdNkeeA5DHynCaUqg==":"s_bh-3-400x500.png","bRuDDJHboNSbdz0lkaqjNA==":"s_bh-4-400x500.png","+7gDbSutjXbkuHJhEA21Mg==":"s_bh-5-400x500.png","PpBMtKzNm/tCf7qA3yBQCA==":"s_bh-6-400x500.png","nAcpxCeWddDoKS9+mZHVvg==":"righttofreedom-947x554.png","Tv/2KQN65mknOigjakRpvQ==":"against-947x554.png","ilUAVEIZwJRZIuKa91Kt1g==":"blue-947x554.png","LUV82DZs210jHdFBVu4+SA==":"img-20190311-wa0024-780x1040.jpg","kZDBdXeiJCyaS2ZVw+41Xg==":"img-20190311-wa0025-1-1014x1169.jpg","WdOk2epj74WzKd/wrWNuNg==":"img-20190311-wa0033-791x1280.jpg","gz/tUhsSOEEzGfdffgPG0w==":"img-20190311-wa0031-1046x1206.jpg","xFWGsRRiMmodwxyCD9kEHg==":"img-20190311-wa0025-1046x1206.jpg","a0Twdm7ZKcpJnOOi8yr8xw==":"img-20190311-wa0028-1046x1206.jpg","jBxtdqA9ZbZEoXhYpmJ5pg==":"img-20190311-wa0029-1046x1206.jpg","URNC+Ha4jaZlI5ZsAzW/4Q==":"blueheartlogo-white-736x395.png","RpU3H0hxxTVQmQgGLX0MmA==":"img-20190311-wa0030-710x1005.jpg","fUJvhG7oNxVXvmDt2lFyQg==":"brochure-478x546.png","jeBW3ugaHsvXybwv4aNHYQ==":"child-abductionl-900x600.png","N/jerV565EopTEwt1mUNeg==":"child-abductionl-480x320.png","d1mHvw27rGOz6tyb7FSvBQ==":"img-20190311-wa0024-1-780x1040.jpg","L3bwldpf4byFEGEf9I7bJg==":"img-20190311-wa0024-2-780x1040.jpg","SB+wTIkZoet/yqmDnKv9vw==":"img-20190311-wa0033-1-791x1280.jpg","7t4ydplwWC/xgsaV8JZKcw==":"img-20190311-wa0030-1-710x1005.jpg","npMEzYAJQEcUe1Pr+NmKwg==":"img-20190311-wa0030-2-710x1005.jpg","fC75DcwA+G320kKY1ClSzw==":"brochure-1-478x546.png","o26ZK4hNAKowwzqw4nneQQ==":"img-20190311-wa0031-1-1046x1206.jpg","hWoHAArLGXwVkkBdj8K5zg==":"img-20190311-wa0025-1-1046x1206.jpg","3JcsWEMCn61Los1k/+Lbbw==":"img-20190311-wa0028-1-1046x1206.jpg","EKA/fmOJW+z3I9l7qkk3Wg==":"img-20190311-wa0029-1-1046x1206.jpg","HTNIa4qD2+krZnLT4O9M+A==":"img-20190311-wa0033-2-791x1280.jpg","rO5vlxwD8XgHYizVVucnKQ==":"img-20190311-wa0031-2-1046x1206.jpg","wNJjvOY5DoUMoPHDJ1dkLw==":"img-20190311-wa0025-2-1046x1206.jpg","FJMTuN3D09leQe4tWM4g6Q==":"img-20190311-wa0028-2-1046x1206.jpg","cWkRLYHw9KpiGwgDwckkbQ==":"img-20190311-wa0029-2-1046x1206.jpg","pa5Dkwo/T1qgW/t0h+fQvA==":"background5.jpg","zyFwjfL8CMTRYqbEwmnrkA==":"img-20190311-wa0029-1-1014x1169.jpg","HuqlnWCLnAXEjuwckRifvA==":"img-20190311-wa0025-2-1014x1169.jpg","ri+tcPWuFjRPNR3Rp2vxcA==":"img-20190311-wa0028-1-1014x1169.jpg","aGoK0SF5KVPUFTPdMLc9KA==":"img-20190311-wa0026-3-1110x1280.jpg","pGeH7OdC3n8UgxNVBSkZ3A==":"img-20190311-wa0034-708x1001.jpg","bKNoovc4axO3kB6tyey5kw==":"img-20190311-wa0034-1-708x1001.jpg","xIAZZwWSpKGomuouiRUNNw==":"img-20190311-wa0030-240x340.jpg","zR5sQA1sXGKr4rPEx2lYfA==":"mbr-1-1920x1279.jpg","TYh60BjZsXtKlq8JnYXwLQ==":"mbr-3-492x328.jpg","mIIbxW0r7dEZSbMPwcoYdg==":"background2.jpg","4zjcZB4IY5inRxPfsTcebA==":"img-20190311-wa0033-400x647.jpg"}