<?xml version="1.0" encoding="UTF-8"?>
<project-private xmlns="http://www.netbeans.org/ns/project-private/1">
    <editor-bookmarks xmlns="http://www.netbeans.org/ns/editor-bookmarks/2" lastBookmarkId="0"/>
    <open-files xmlns="http://www.netbeans.org/ns/projectui-open-files/2">
        <group>
            <file>file:/var/www/html/blueheart/index.php</file>
            <file>file:/var/www/html/blueheart/team.html</file>
            <file>file:/var/www/html/blueheart/page6.html</file>
            <file>file:/var/www/html/blueheart/index.html</file>
            <file>file:/var/www/html/blueheart/report.html</file>
            <file>file:/var/www/html/blueheart/submit.php</file>
            <file>file:/var/www/html/blueheart/downloads.html</file>
            <file>file:/var/www/html/blueheart/project.mobirise</file>
        </group>
    </open-files>
</project-private>
